{"_id":"arch_SJ4jOoGwo","name":"SPARK API Connect Upgrade","type":"Solution","status":"Pending","created":"2022-11-28T21:31:08Z","lastModified":"2022-11-28T21:33:27Z","includedArtifacts":[{"globalTOCPosition":"1","typeId":"assetartifact_executivesummary","_id":"art_Sy1yYjfwo","artifactTypeId":"artifacttype_9edbd406-69fb-3a95-8b2e-58a0974b2710","type":"Overview"}],"tag":[{"name":"Network and Platform Services","_id":"tag_network_platform_services"}],"industry":[{"name":"Telecommunications, Media & Entertainment","_id":"industry_media"}],"technology":[{"name":"Systems Infrastructure","_id":"technology_systems_infrastructure"}],"technicalCapability":[],"businessCapability":[],"client":[{"name":"Spark NZ","_id":"client_r1WufUszDs"}],"taxonomies":["Modernize ways of working","Integrating apps & data"],"implementations":[],"capabilities":[],"template":{"name":"Solution Architecture Template","description":"Default ToC","_id":"template_company_ibm","isGlobalDefaultTemplate":true},"executiveSummary":"<div>Spark New Zealand Limited\n</div><div> is a New Zealand telecommunications company providing fixed-line telephone services\n</div><div>, a mobile phone\n</div><div> network, internet access services\n</div><div>, and (through its Spark Digital\n</div><div> division) ICT\n</div><div> services to businesses. It was known as Telecom New Zealand\n</div><div> until it was rebranded with its current name in 2014. It has operated as a publicly traded company since 1990. Spark is the second-largest wireless carrier in New Zealand\n</div><div>, with 2.3 million subscribers as of July 2017.\n</div><div>Auckland-based, Spark is Redhat’s customer for many years and users of OCP. \n</div><div><br></div><div><br></div><div>The client is going through  virtualizations of DataPower Gateway as well as upgrade of API Connect.</div><div><br></div><div>The virtualization process is already done in DEV/TEST/PROD env. The previous DataPower XB62 appliance was successfully virtualised properly by the end of September.Customer have decided they will deploy CP4I on OCP.The customer is currently using API Connect V5, and is on an ongoing project to deploy v10.The initial plan to deploy API Connect v10 on OVA was discouraged and Spark agreed to deploy CP4I v10 on OpenShift.</div><div><br></div>Spark scenario :\n<div>AS-IS: They currently have API Connect v5 running on physical Data Power.\n</div><div>TO-BE: They are virtualizing these Data Power Gateways and upgrading the API Connect v5 to CP4I/API Connect v10.\n</div><div>\n</div><div>Spark needs assistance to migrate and implement the new version.\n</div><div>\n</div><div>Important to note that Spark does have an IBM AVP (accelerated value program) agreement already in place which contains 15 days of IBM Expert Labs services to assist with work such as this.\n</div><div>\n</div><div>It would make sense to look at drawing down on these pre-paid days for this project (this is exactly the kind of work that the AVP services are there to help with). It would mean no new quote or payment to IBM is required (assuming the effort required stays under 15 days), and we would document the scope and effort in a drawdown doc under the AVP.</div>","schemaVersion":"1.5","clientName":"Spark NZ","customizedTemplates":[],"lastModifiedUser":{"_id":"Felipe.Chaves.Frossard@ibm.com","fullname":"Felipe Chaves Frossard","notesId":"Felipe Chaves Frossard","jobResponsibilities":"Customer Success Manager - Architect","avatar":"https://unified-profile-api.us-south-k8s.intranet.ibm.com/v3/image/Felipe.Chaves.Frossard@ibm.com?def=avatar","privacyConstent":{"isAccept":true,"acceptedDate":"2021-08-19T05:11:05.523Z","country":"NZ"},"lastLoginDate":"2022-11-29T00:50:28.887Z","orgLevel1":"IBM","bookmarkedArchList":[],"username":"Felipe.Chaves.Frossard@ibm.com","email":"Felipe.Chaves.Frossard@ibm.com","userPreference":{"defaultTemplate":"template_company_ibm","defaultGithubInfo":{"repoUrl":"git@github.com:fcfrossardibm/architect.git"}},"geographyList":["796"],"businessUnitList":["Global Sales"],"focusRole":["other"],"collaborationGroupList":[]},"owner":{"_id":"Felipe.Chaves.Frossard@ibm.com","fullname":"Felipe Chaves Frossard","notesId":"Felipe Chaves Frossard","jobResponsibilities":"Customer Success Manager - Architect","avatar":"https://unified-profile-api.us-south-k8s.intranet.ibm.com/v3/image/Felipe.Chaves.Frossard@ibm.com?def=avatar","privacyConstent":{"isAccept":true,"acceptedDate":"2021-08-19T05:11:05.523Z","country":"NZ"},"lastLoginDate":"2022-11-29T00:50:28.887Z","orgLevel1":"IBM","bookmarkedArchList":[],"username":"Felipe.Chaves.Frossard@ibm.com","email":"Felipe.Chaves.Frossard@ibm.com","userPreference":{"defaultTemplate":"template_company_ibm","defaultGithubInfo":{"repoUrl":"git@github.com:fcfrossardibm/architect.git"}},"focusRole":["other"],"collaborationGroupList":[],"businessUnit":{"_id":"Global Sales","name":"Global Sales","description":""},"geography":{"_id":"796","iot":"APAC","imt_market":"Australia/New Zealand","country":"New Zealand"}},"appVersion":"3.13.1"}