{"_id":"arch_ryratsMDi","name":"VODAFONE Digital Experience Layer MODERNIZATION","type":"Solution","status":"Pending","created":"2022-11-28T21:35:56Z","lastModified":"2022-11-29T00:56:59Z","includedArtifacts":[{"globalTOCPosition":"7","typeId":"assetartifact_architecture_principles","_id":"art_HyYnu0fwj","artifactTypeId":"artifacttype_92ccfc5d-c31a-349d-97c0-6d75c8841a8a","type":"Architectural Principles"},{"globalTOCPosition":"1","typeId":"assetartifact_executivesummary","_id":"art_Byuy5sfwi","artifactTypeId":"artifacttype_9edbd406-69fb-3a95-8b2e-58a0974b2710","type":"Overview"}],"tag":[{"name":"Network and Platform Services","_id":"tag_network_platform_services"}],"industry":[{"name":"Telecommunications, Media & Entertainment","_id":"industry_media"}],"technology":[{"name":"Systems Infrastructure","_id":"technology_systems_infrastructure"}],"technicalCapability":[],"businessCapability":[],"client":[{"name":"VODAFONE NZ","_id":"client_SkWrTFiGDo"}],"taxonomies":["Unreliable IT","Integrating apps & data","Modernize ways of working"],"implementations":[],"capabilities":[],"template":{"name":"Solution Architecture Template","description":"Default ToC","_id":"template_company_ibm","isGlobalDefaultTemplate":true},"executiveSummary":"Vodafone New Zealand Limited\n<div> is a New Zealand telecommunications company. It was a subsidiary of the London-listed company Vodafone\n</div><div> Plc until 31 July 2019, when its sale to a consortium comprising Infratil Limited\n</div><div> and Brookfield Asset Management Inc.\n</div><div> was settled.[2]\n</div><div> Vodafone is based in Auckland and was formed in 1998, after Vodafone purchased BellSouth\n</div><div>'s New Zealand operations. The company employs over 3,000 people and has operations nationwide, with its main offices based in Auckland, Wellington and Christchurch. The company is part of New Zealand Telecommunications Forum\n</div><div>. Vodafone is the largest wireless carrier in New Zealand\n</div><div>, with 2.5 million subscribers as of July 2019.\n</div><div>Auckland-based; Vodafone NZ is an independent Telcom operator (disconnected from the Vodafone group).\n</div><div><br></div><div><table id=\"tableInRichEditor_1669671380121\" style=\"width:100%\"><tbody><tr><td rowspan=\"2\" class=\"border-normal\" style=\"height:42px;width:100%\" id=\"0-0\">Vodafone NZ has been IBM customer for a long time. Having DXL platform as the biggest IT platform for the company.  DXL is a legacy IBM product, running on ICP, the predecessor of OCP. OCP is in the pipeline of the modernization of the entire stack, which will lead to the adoption of OCP, at least for the Cloud Pak components.</td></tr></tbody></table><br></div>","schemaVersion":"1.5","clientName":"VODAFONE NZ","customizedTemplates":[],"lastModifiedUser":{"_id":"Felipe.Chaves.Frossard@ibm.com","fullname":"Felipe Chaves Frossard","notesId":"Felipe Chaves Frossard","jobResponsibilities":"Customer Success Manager - Architect","avatar":"https://unified-profile-api.us-south-k8s.intranet.ibm.com/v3/image/Felipe.Chaves.Frossard@ibm.com?def=avatar","privacyConstent":{"isAccept":true,"acceptedDate":"2021-08-19T05:11:05.523Z","country":"NZ"},"lastLoginDate":"2022-11-29T00:50:28.887Z","orgLevel1":"IBM","bookmarkedArchList":[],"username":"Felipe.Chaves.Frossard@ibm.com","email":"Felipe.Chaves.Frossard@ibm.com","userPreference":{"defaultTemplate":"template_company_ibm"},"geographyList":["796"],"businessUnitList":["Global Sales"],"focusRole":["other"],"collaborationGroupList":[]},"owner":{"_id":"Felipe.Chaves.Frossard@ibm.com","fullname":"Felipe Chaves Frossard","notesId":"Felipe Chaves Frossard","jobResponsibilities":"Customer Success Manager - Architect","avatar":"https://unified-profile-api.us-south-k8s.intranet.ibm.com/v3/image/Felipe.Chaves.Frossard@ibm.com?def=avatar","privacyConstent":{"isAccept":true,"acceptedDate":"2021-08-19T05:11:05.523Z","country":"NZ"},"lastLoginDate":"2022-11-29T00:50:28.887Z","orgLevel1":"IBM","bookmarkedArchList":[],"username":"Felipe.Chaves.Frossard@ibm.com","email":"Felipe.Chaves.Frossard@ibm.com","userPreference":{"defaultTemplate":"template_company_ibm"},"focusRole":["other"],"collaborationGroupList":[],"businessUnit":{"_id":"Global Sales","name":"Global Sales","description":""},"geography":{"_id":"796","iot":"APAC","imt_market":"Australia/New Zealand","country":"New Zealand"}},"appVersion":"3.13.1"}