{"_id":"arch_S1dzIiGvj","name":"SPARK Cloud Pak 4 Multi Cloud Management","type":"Solution","status":"Pending","created":"2022-11-28T21:20:15Z","lastModified":"2022-11-28T21:25:44Z","includedArtifacts":[{"globalTOCPosition":"1","typeId":"assetartifact_executivesummary","_id":"art_r1eIwoMws","artifactTypeId":"artifacttype_9edbd406-69fb-3a95-8b2e-58a0974b2710","type":"Overview"}],"tag":[{"name":"Cloud for IT Agility","_id":"tag_cloud_for_it_agility"},{"name":"Network and Platform Services","_id":"tag_network_platform_services"}],"industry":[{"name":"Telecommunications, Media & Entertainment","_id":"industry_media"}],"technology":[{"name":"Systems Infrastructure","_id":"technology_systems_infrastructure"}],"technicalCapability":[],"businessCapability":[],"client":[{"name":"Spark NZ","_id":"client_r1WufUszDs"}],"taxonomies":["Project Delivery Time","Reduce business costs","IT Costs","Modernize ways of working","Unreliable IT"],"implementations":[],"capabilities":[],"template":{"name":"Solution Architecture Template","description":"Default ToC","_id":"template_company_ibm","isGlobalDefaultTemplate":true},"executiveSummary":"Spark New Zealand Limited\n<div> is a New Zealand telecommunications company providing fixed-line telephone services\n</div><div>, a mobile phone\n</div><div> network, internet access services\n</div><div>, and (through its Spark Digital\n</div><div> division) ICT\n</div><div> services to businesses. It was known as Telecom New Zealand\n</div><div> until it was rebranded with its current name in 2014. It has operated as a publicly traded company since 1990. Spark is the second-largest wireless carrier in New Zealand\n</div><div>, with 2.3 million subscribers as of July 2017.\n</div><div>Auckland-based, Spark is Redhat’s customer for many years and users of OCP\n</div><div><br></div><div>\r</div><div>Single glass pane to manage servers and  storage across on-prem, Azure, AWS and OCP clusters</div><div><br></div><div>\r</div><div>Cloud Pak for Multi Cloud Management\r</div><div>(Activation)</div><div><br></div><div>1st Phase - Finish. Ramy leadership as CSM. Benjamin Orazen and SWAT SME provided support during the deployment phase.\n</div><div>2sd Phase - OnGoing. Felipe leadership as CSM. After several issues with Support, a GSI Product SME (Divya Mallya) have being provided for the delivery of 10 use cases.\n</div><div>3rd Phase - To be concluded. </div>","schemaVersion":"1.5","clientName":"Spark NZ","lastModifiedUser":{"_id":"Felipe.Chaves.Frossard@ibm.com","fullname":"Felipe Chaves Frossard","notesId":"Felipe Chaves Frossard","jobResponsibilities":"Customer Success Manager - Architect","avatar":"https://unified-profile-api.us-south-k8s.intranet.ibm.com/v3/image/Felipe.Chaves.Frossard@ibm.com?def=avatar","privacyConstent":{"isAccept":true,"acceptedDate":"2021-08-19T05:11:05.523Z","country":"NZ"},"lastLoginDate":"2022-11-29T00:50:28.887Z","orgLevel1":"IBM","bookmarkedArchList":[],"username":"Felipe.Chaves.Frossard@ibm.com","email":"Felipe.Chaves.Frossard@ibm.com","userPreference":{"defaultTemplate":"template_company_ibm","defaultGithubInfo":{"repoUrl":"git@github.com:fcfrossardibm/architect.git"}},"geographyList":["796"],"businessUnitList":["Global Sales"],"focusRole":["other"],"collaborationGroupList":[]},"customizedTemplates":[],"owner":{"_id":"Felipe.Chaves.Frossard@ibm.com","fullname":"Felipe Chaves Frossard","notesId":"Felipe Chaves Frossard","jobResponsibilities":"Customer Success Manager - Architect","avatar":"https://unified-profile-api.us-south-k8s.intranet.ibm.com/v3/image/Felipe.Chaves.Frossard@ibm.com?def=avatar","privacyConstent":{"isAccept":true,"acceptedDate":"2021-08-19T05:11:05.523Z","country":"NZ"},"lastLoginDate":"2022-11-29T00:50:28.887Z","orgLevel1":"IBM","bookmarkedArchList":[],"username":"Felipe.Chaves.Frossard@ibm.com","email":"Felipe.Chaves.Frossard@ibm.com","userPreference":{"defaultTemplate":"template_company_ibm","defaultGithubInfo":{"repoUrl":"git@github.com:fcfrossardibm/architect.git"}},"focusRole":["other"],"collaborationGroupList":[],"businessUnit":{"_id":"Global Sales","name":"Global Sales","description":""},"geography":{"_id":"796","iot":"APAC","imt_market":"Australia/New Zealand","country":"New Zealand"}},"appVersion":"3.13.1"}